{
    "averages": {
        "allAp": 0.294038789828787,
        "allAp50%": 0.5437249569995354,
        "classes": {
            "bicycle": {
                "ap": 0.1322233228307023,
                "ap50%": 0.42944401670274224
            },
            "bus": {
                "ap": 0.46530582340914695,
                "ap50%": 0.6294527476197908
            },
            "car": {
                "ap": 0.5226031025452589,
                "ap50%": 0.7878028665700058
            },
            "motorcycle": {
                "ap": 0.14931277627237122,
                "ap50%": 0.3842899488323071
            },
            "person": {
                "ap": 0.34979037164934945,
                "ap50%": 0.7096979809945676
            },
            "rider": {
                "ap": 0.2668428998191976,
                "ap50%": 0.6653809023771914
            },
            "train": {
                "ap": 0.15782897721310446,
                "ap50%": 0.29995780163340713
            },
            "truck": {
                "ap": 0.30840304489116543,
                "ap50%": 0.4437733912662709
            }
        }
    },
    "distanceThresholds": [
        Infinity,
        100.0,
        50.0
    ],
    "instLabels": [
        "person",
        "rider",
        "car",
        "truck",
        "bus",
        "train",
        "motorcycle",
        "bicycle"
    ],
    "minRegionSizes": [
        100,
        1000,
        1000
    ],
    "minStereoDensities": [
        -Infinity,
        0.5,
        0.5
    ],
    "overlaps": [
        0.5,
        0.55,
        0.6000000000000001,
        0.6500000000000001,
        0.7000000000000002,
        0.7500000000000002,
        0.8000000000000003,
        0.8500000000000003,
        0.9000000000000004,
        0.9500000000000004
    ],
    "resultApMatrix": [
        [
            [
                0.7096979809945676,
                0.661671977157558,
                0.6048175271875419,
                0.5137418992252913,
                0.4302796493718048,
                0.3200653675624665,
                0.1875550381654298,
                0.06332619838005359,
                0.006748078448780165,
                0.0
            ],
            [
                0.6653809023771914,
                0.6116224171283082,
                0.5147053366207159,
                0.40339351483507724,
                0.2826544826294764,
                0.14241928010586524,
                0.044638243255891795,
                0.0036148212394502676,
                0.0,
                0.0
            ],
            [
                0.7878028665700058,
                0.748997093263263,
                0.7089317834069538,
                0.666756430083489,
                0.611335107456068,
                0.5528988337144087,
                0.46931307873810957,
                0.3778230248372169,
                0.2518842753320343,
                0.05028853205103988
            ],
            [
                0.4437733912662709,
                0.4223259655511437,
                0.4145408929360483,
                0.38875796581576105,
                0.36404986676959006,
                0.331659074842762,
                0.2975520061233411,
                0.22947664351057429,
                0.17344848778663133,
                0.01844615430953192
            ],
            [
                0.6294527476197908,
                0.6087365436536398,
                0.5674285790392384,
                0.5526798591019864,
                0.5454885460731566,
                0.5324247991993234,
                0.4803777565197205,
                0.402459864455228,
                0.2569860673739677,
                0.0770234710554171
            ],
            [
                0.29995780163340713,
                0.29995780163340713,
                0.25972278219173633,
                0.19420919842595769,
                0.1929285448850666,
                0.13557479959653873,
                0.13557479959653873,
                0.04528985507246376,
                0.015074189095928225,
                0.0
            ],
            [
                0.3842899488323071,
                0.35074552253823427,
                0.29415286487422493,
                0.24540717643864082,
                0.1501975441877438,
                0.05717308047377977,
                0.010300561284549556,
                0.0008610640942319249,
                0.0,
                0.0
            ],
            [
                0.42944401670274224,
                0.3393311550133849,
                0.2598703321876886,
                0.1675056903046549,
                0.09220640963592033,
                0.030129111040917436,
                0.0034108035664390307,
                0.0003257405687633777,
                9.96928651210864e-06,
                0.0
            ]
        ]
    ]
}